{
  "parent": "hbm:block/refinery",
  "display": {
    "gui": {
      "rotation": [30, 45, 0],
      "translation": [1.06066, -4.814583, -1.625],
      "scale": [0.09375, 0.09375, 0.09375]
    },
    "ground": {
      "translation": [0, 2, 0],
      "scale": [0.09375, 0.09375, 0.09375]
    },
    "fixed": {
      "rotation": [0, 180, 0],
      "scale": [0.125, 0.125, 0.125]
    },
    "firstperson_righthand": {
      "rotation": [0, 270, 0],
      "scale": [0.125, 0.125, 0.125]
    },
    "thirdperson_righthand": {
      "rotation": [75, 270, 0],
      "scale": [0.125, 0.125, 0.125]
    }
  }
}
