{
  "parent": "hbm:block/catalytic_cracker",
  "display": {
    "gui": {
      "rotation": [30, 225, 0],
      "translation": [-0.636396, -4.641377, -1.525],
      "scale": [0.05625, 0.05625, 0.05625]
    },
    "ground": {
      "translation": [0, 2, 0],
      "scale": [0.05, 0.05, 0.05]
    },
    "fixed": {
      "rotation": [0, 180, 0],
      "scale": [0.0625, 0.0625, 0.0625]
    },
    "firstperson_righthand": {
      "rotation": [0, 180, 0],
      "scale": [0.0625, 0.0625, 0.0625]
    },
    "thirdperson_righthand": {
      "rotation": [75, 180, 0],
      "scale": [0.0625, 0.0625, 0.0625]
    }
  }
}
